{
  "G": [
    [
      0.8011339262758908,
      0.547281225423567,
      0.23441230791198292,
      0.0391748301807748
    ],
    [
      0.7063790564031636,
      0.31894683895450604,
      0.592178361620381,
      0.21490009430232326
    ],
    [
      0.7508137527619809,
      0.35196858349661625,
      0.5323931644686871,
      0.164629431645715
    ]
  ],
  "sigma": [
    [
      1.4115878247934437,
      0.5465164067614566,
      0.6727290953480315,
      1.926853431176011
    ],
    [
      1.4249013761467928,
      0.6489607212266105,
      1.421384425202754,
      0.760825797843778
    ],
    [
      1.0348590475034376,
      0.6782889455310243,
      0.8151171216944273,
      1.7477690489670255
    ]
  ]
}