{
  "G": [
    [
      0.7502719849845562,
      0.3509232436024909,
      0.5332625676416936,
      0.16591674709928708
    ],
    [
      0.7057460543040651,
      0.3192138934857704,
      0.5927138120764636,
      0.21516769815938938
    ],
    [
      0.8009843743850567,
      0.5475667416982933,
      0.2343591218378362,
      0.03912676720216588
    ]
  ],
  "sigma": [
    [
      1.1382349385933392,
      0.7584631688832264,
      0.8138163153758768,
      1.4233352303410294
    ],
    [
      1.4293969287790826,
      0.6881303302200654,
      1.31634724519531,
      0.772335479903397
    ],
    [
      1.4304129519672404,
      0.5576160221431593,
      0.6626982793030006,
      1.8918533972597222
    ]
  ],
  "m": 1.6
}