{
  "G": [
    [
      0.750813711683046,
      0.3519685960247415,
      0.5323932003064946,
      0.1646294630596539
    ],
    [
      0.7063790547565978,
      0.31894679987384406,
      0.5921783816462757,
      0.21490010718196184
    ],
    [
      0.8011339262758895,
      0.5472812254235696,
      0.23441230791198264,
      0.03917483018077438
    ]
  ],
  "sigma": [
    [
      1.0348576768897788,
      0.6782904212310182,
      0.8151180385035328,
      1.7477655955005613
    ],
    [
      1.4249005556155732,
      0.6489616132431132,
      1.4213843318183985,
      0.7608252401747423
    ],
    [
      1.411587824793575,
      0.5465164067615385,
      0.6727290953479425,
      1.9268534311757985
    ]
  ],
  "m": 1.1
}